chain, residue_label, residue_name, score, zscore, probability, pocket
A,   26, HIS,  0.3113,  -0.2060,   0.0149, 0
A,   27, PRO,  0.0661,  -0.3426,   0.0014, 0
A,   28, GLU,  0.1822,  -0.2779,   0.0059, 0
A,   29, THR,  0.3125,  -0.2053,   0.0150, 0
A,   30, LEU,  0.0405,  -0.3569,   0.0008, 0
A,   31, VAL,  0.0418,  -0.3562,   0.0009, 0
A,   32, LYS,  0.1026,  -0.3223,   0.0024, 0
A,   33, VAL,  0.0020,  -0.3784,   0.0003, 0
A,   34, LYS,  0.0297,  -0.3629,   0.0006, 0
A,   35, ASP,  0.0366,  -0.3591,   0.0008, 0
A,   36, ALA,  0.1180,  -0.3137,   0.0030, 0
A,   37, GLU,  0.0609,  -0.3455,   0.0013, 0
A,   38, ASP,  0.0101,  -0.3738,   0.0004, 0
A,   39, GLN,  0.0334,  -0.3608,   0.0007, 0
A,   40, LEU,  0.1325,  -0.3056,   0.0036, 3
A,   41, GLY,  0.0386,  -0.3580,   0.0008, 0
A,   42, ALA,  0.0807,  -0.3345,   0.0018, 0
A,   43, ARG,  0.6467,  -0.0190,   0.0594, 0
A,   44, VAL,  0.1302,  -0.3069,   0.0035, 3
A,   45, GLY,  0.0268,  -0.3645,   0.0006, 0
A,   46, TYR,  0.4364,  -0.1362,   0.0278, 0
A,   47, ILE,  0.0423,  -0.3559,   0.0009, 0
A,   48, GLU,  0.2435,  -0.2437,   0.0097, 0
A,   49, LEU,  0.1012,  -0.3231,   0.0024, 0
A,   50, ASP,  0.0838,  -0.3328,   0.0018, 0
A,   51, LEU,  0.8208,   0.0781,   0.0961, 2
A,   52, ASN,  0.0763,  -0.3369,   0.0016, 0
A,   53, SER,  0.0601,  -0.3460,   0.0012, 0
A,   54, GLY,  0.1487,  -0.2966,   0.0043, 0
A,   55, LYS,  0.0591,  -0.3465,   0.0012, 0
A,   56, ILE,  0.1141,  -0.3159,   0.0028, 0
A,   57, LEU,  0.2401,  -0.2456,   0.0094, 0
A,   58, GLU,  0.2719,  -0.2279,   0.0117, 0
A,   59, SER,  0.0978,  -0.3250,   0.0023, 0
A,   60, PHE,  0.1010,  -0.3232,   0.0024, 0
A,   61, ARG,  0.0844,  -0.3324,   0.0019, 0
A,   62, PRO,  0.1399,  -0.3015,   0.0039, 0
A,   63, GLU,  0.2084,  -0.2633,   0.0074, 0
A,   64, GLU,  0.0915,  -0.3285,   0.0021, 0
A,   65, ARG,  0.5109,  -0.0947,   0.0374, 0
A,   66, PHE,  0.4488,  -0.1293,   0.0293, 0
A,   67, PRO,  0.5862,  -0.0527,   0.0491, 0
A,   68, MET,  0.5465,  -0.0749,   0.0428, 0
A,   69, MET,  1.3214,   0.3571,   0.2311, 0
A,   70, SER,  2.2838,   0.8935,   0.4776, 1
A,   71, THR,  0.0000,  -0.3795,   0.0002, 0
A,   72, PHE,  0.5283,  -0.0850,   0.0400, 0
A,   73, LYS,  1.9097,   0.6850,   0.3914, 0
A,   74, VAL,  0.3256,  -0.1979,   0.0162, 0
A,   75, LEU,  0.7962,   0.0643,   0.0903, 0
A,   76, LEU,  0.4812,  -0.1112,   0.0334, 0
A,   77, CYS,  0.2721,  -0.2278,   0.0117, 0
A,   78, GLY,  0.3256,  -0.1979,   0.0162, 0
A,   79, ALA,  0.6185,  -0.0347,   0.0544, 0
A,   80, VAL,  0.4589,  -0.1237,   0.0305, 0
A,   81, LEU,  0.7634,   0.0461,   0.0830, 0
A,   82, SER,  0.4008,  -0.1561,   0.0236, 0
A,   83, ARG,  0.3242,  -0.1987,   0.0161, 0
A,   84, ILE,  0.7983,   0.0655,   0.0908, 0
A,   85, ASP,  0.4916,  -0.1055,   0.0348, 0
A,   86, ALA,  0.0286,  -0.3635,   0.0006, 0
A,   87, GLY,  0.0034,  -0.3775,   0.0003, 0
A,   88, GLN,  0.1600,  -0.2903,   0.0048, 0
A,   89, GLU,  0.0544,  -0.3492,   0.0011, 0
A,   90, GLN,  0.0775,  -0.3363,   0.0017, 0
A,   91, LEU,  0.8397,   0.0886,   0.1004, 0
A,   92, GLY,  0.0844,  -0.3324,   0.0019, 0
A,   93, ARG,  0.1481,  -0.2969,   0.0042, 0
A,   94, ARG,  0.0668,  -0.3422,   0.0014, 0
A,   95, ILE,  0.0708,  -0.3400,   0.0015, 0
A,   96, HIS,  0.0757,  -0.3372,   0.0016, 0
A,   97, TYR,  0.0501,  -0.3515,   0.0010, 0
A,   98, SER,  0.0191,  -0.3688,   0.0005, 0
A,   99, GLN,  0.0259,  -0.3650,   0.0006, 0
A,  100, ASN,  0.0774,  -0.3363,   0.0017, 0
A,  101, ASP,  0.2185,  -0.2576,   0.0080, 0
A,  102, LEU,  0.0714,  -0.3397,   0.0015, 0
A,  103, VAL,  0.1340,  -0.3047,   0.0036, 0
A,  104, GLU,  0.4301,  -0.1397,   0.0270, 1
A,  105, TYR,  1.1754,   0.2757,   0.1893, 1
A,  106, SER,  0.0389,  -0.3578,   0.0008, 0
A,  107, PRO,  0.0790,  -0.3354,   0.0017, 0
A,  108, VAL,  0.4251,  -0.1425,   0.0264, 0
A,  109, THR,  0.0067,  -0.3757,   0.0003, 0
A,  110, GLU,  0.0485,  -0.3525,   0.0010, 0
A,  111, LYS,  0.1024,  -0.3224,   0.0024, 0
A,  112, HIS,  0.2264,  -0.2533,   0.0085, 0
A,  113, LEU,  0.0235,  -0.3664,   0.0005, 0
A,  114, THR,  0.0179,  -0.3695,   0.0005, 0
A,  115, ASP,  0.0140,  -0.3717,   0.0004, 0
A,  116, GLY,  0.0170,  -0.3700,   0.0004, 0
A,  117, MET,  0.2162,  -0.2589,   0.0078, 0
A,  118, THR,  0.0435,  -0.3552,   0.0009, 0
A,  119, VAL,  0.2888,  -0.2185,   0.0131, 0
A,  120, ARG,  0.6604,  -0.0113,   0.0620, 0
A,  121, GLU,  0.3346,  -0.1930,   0.0170, 0
A,  122, LEU,  0.0917,  -0.3283,   0.0021, 0
A,  123, CYS,  0.3002,  -0.2122,   0.0140, 0
A,  124, SER,  0.9268,   0.1372,   0.1220, 0
A,  125, ALA,  0.4370,  -0.1359,   0.0279, 0
A,  126, ALA,  0.1259,  -0.3093,   0.0033, 0
A,  127, ILE,  0.0000,  -0.3795,   0.0002, 0
A,  128, THR,  0.7885,   0.0601,   0.0886, 0
A,  129, MET,  0.6823,   0.0009,   0.0662, 0
A,  130, SER,  2.0334,   0.7540,   0.4213, 1
A,  131, ASP,  0.0818,  -0.3339,   0.0018, 0
A,  132, ASN,  1.9369,   0.7002,   0.3980, 1
A,  133, THR,  0.0982,  -0.3247,   0.0023, 0
A,  134, ALA,  0.0000,  -0.3795,   0.0002, 0
A,  135, ALA,  0.0000,  -0.3795,   0.0002, 0
A,  136, ASN,  0.3792,  -0.1681,   0.0213, 0
A,  137, LEU,  0.1859,  -0.2758,   0.0061, 0
A,  138, LEU,  0.2996,  -0.2124,   0.0139, 0
A,  139, LEU,  0.0340,  -0.3605,   0.0007, 0
A,  140, THR,  0.3719,  -0.1722,   0.0206, 0
A,  141, THR,  0.0894,  -0.3296,   0.0020, 0
A,  142, ILE,  0.2628,  -0.2330,   0.0110, 0
A,  143, GLY,  0.1358,  -0.3038,   0.0037, 0
A,  144, GLY,  0.1380,  -0.3026,   0.0038, 0
A,  145, PRO,  0.1049,  -0.3210,   0.0025, 0
A,  146, LYS,  0.1545,  -0.2933,   0.0045, 0
A,  147, GLU,  0.2273,  -0.2528,   0.0085, 0
A,  148, LEU,  0.8952,   0.1195,   0.1139, 0
A,  149, THR,  0.6080,  -0.0406,   0.0526, 0
A,  150, ALA,  0.1095,  -0.3184,   0.0027, 0
A,  151, PHE,  0.7689,   0.0491,   0.0842, 0
A,  152, LEU,  0.8702,   0.1056,   0.1078, 0
A,  153, HIS,  0.7106,   0.0167,   0.0718, 0
A,  154, ASN,  0.1780,  -0.2802,   0.0057, 0
A,  155, MET,  0.5839,  -0.0540,   0.0487, 0
A,  156, GLY,  0.3476,  -0.1857,   0.0182, 0
A,  157, ASP,  0.4198,  -0.1455,   0.0258, 0
A,  158, HIS,  0.9606,   0.1560,   0.1306, 0
A,  159, VAL,  0.4407,  -0.1338,   0.0283, 0
A,  160, THR,  0.6810,   0.0001,   0.0659, 0
A,  161, ARG,  0.8098,   0.0719,   0.0934, 0
A,  162, LEU,  0.6550,  -0.0144,   0.0609, 0
A,  163, ASP,  0.2279,  -0.2524,   0.0086, 0
A,  164, ARG,  0.1510,  -0.2953,   0.0044, 0
A,  165, TRP,  0.6697,  -0.0062,   0.0637, 0
A,  166, GLU,  1.5113,   0.4629,   0.2858, 1
A,  167, PRO,  0.1644,  -0.2878,   0.0050, 0
A,  168, GLU,  0.1725,  -0.2833,   0.0054, 0
A,  169, LEU,  0.3179,  -0.2023,   0.0155, 0
A,  170, ASN,  1.7617,   0.6025,   0.3539, 1
A,  171, GLU,  0.0994,  -0.3240,   0.0023, 0
A,  172, ALA,  0.4931,  -0.1046,   0.0350, 0
A,  173, ILE,  0.5643,  -0.0649,   0.0455, 0
A,  174, PRO,  0.5677,  -0.0630,   0.0460, 0
A,  175, ASN,  0.5511,  -0.0723,   0.0435, 0
A,  176, ASP,  0.5002,  -0.1006,   0.0359, 0
A,  177, GLU,  0.1127,  -0.3167,   0.0028, 0
A,  178, ARG,  0.1301,  -0.3070,   0.0035, 0
A,  179, ASP,  0.1292,  -0.3074,   0.0034, 0
A,  180, THR,  0.4454,  -0.1312,   0.0289, 0
A,  181, THR,  0.0000,  -0.3795,   0.0002, 0
A,  182, MET,  0.1938,  -0.2714,   0.0065, 0
A,  183, PRO,  0.0000,  -0.3795,   0.0002, 0
A,  184, VAL,  0.3973,  -0.1580,   0.0233, 0
A,  185, ALA,  0.3268,  -0.1973,   0.0163, 0
A,  186, MET,  0.2711,  -0.2283,   0.0116, 0
A,  187, ALA,  0.0497,  -0.3518,   0.0010, 0
A,  188, THR,  0.3739,  -0.1710,   0.0208, 0
A,  189, THR,  0.5391,  -0.0790,   0.0417, 0
A,  190, LEU,  0.0000,  -0.3795,   0.0002, 0
A,  191, ARG,  0.1898,  -0.2737,   0.0063, 0
A,  192, LYS,  0.3447,  -0.1873,   0.0180, 0
A,  193, LEU,  0.3407,  -0.1896,   0.0176, 0
A,  194, LEU,  0.9730,   0.1629,   0.1339, 2
A,  195, THR,  0.6672,  -0.0076,   0.0632, 2
A,  196, GLY,  0.0677,  -0.3417,   0.0014, 0
A,  197, GLU,  0.0248,  -0.3657,   0.0006, 0
A,  198, LEU,  0.2053,  -0.2650,   0.0072, 0
A,  199, LEU,  0.0150,  -0.3711,   0.0004, 0
A,  200, THR,  0.3521,  -0.1832,   0.0187, 0
A,  201, LEU,  0.0482,  -0.3526,   0.0010, 0
A,  202, ALA,  0.5236,  -0.0876,   0.0393, 0
A,  203, SER,  0.5079,  -0.0964,   0.0370, 0
A,  204, ARG,  0.0425,  -0.3558,   0.0009, 0
A,  205, GLN,  0.2156,  -0.2593,   0.0078, 0
A,  206, GLN,  0.7335,   0.0294,   0.0767, 0
A,  207, LEU,  0.0009,  -0.3790,   0.0002, 0
A,  208, ILE,  1.1276,   0.2490,   0.1759, 2
A,  209, ASP,  0.4871,  -0.1080,   0.0342, 0
A,  210, TRP,  0.7779,   0.0541,   0.0863, 0
A,  211, MET,  0.1970,  -0.2696,   0.0067, 0
A,  212, GLU,  0.2536,  -0.2381,   0.0104, 0
A,  213, ALA,  0.3311,  -0.1949,   0.0167, 0
A,  214, ASP,  0.0697,  -0.3406,   0.0015, 0
A,  215, LYS,  0.2936,  -0.2158,   0.0135, 0
A,  216, VAL,  0.8870,   0.1150,   0.1119, 1
A,  217, ALA,  0.3023,  -0.2110,   0.0142, 0
A,  218, GLY,  0.2485,  -0.2409,   0.0100, 0
A,  219, PRO,  0.4055,  -0.1535,   0.0242, 0
A,  220, LEU,  0.3578,  -0.1800,   0.0192, 0
A,  221, LEU,  0.5485,  -0.0738,   0.0431, 0
A,  222, ARG,  0.3401,  -0.1899,   0.0176, 0
A,  223, SER,  0.1144,  -0.3157,   0.0028, 0
A,  224, ALA,  0.2221,  -0.2556,   0.0082, 0
A,  225, LEU,  0.3212,  -0.2004,   0.0158, 0
A,  226, PRO,  0.1626,  -0.2888,   0.0049, 0
A,  227, ALA,  0.1174,  -0.3140,   0.0030, 0
A,  228, GLY,  0.1647,  -0.2876,   0.0050, 0
A,  229, TRP,  0.2891,  -0.2183,   0.0131, 0
A,  230, PHE,  1.2692,   0.3280,   0.2161, 0
A,  231, ILE,  0.2754,  -0.2260,   0.0120, 0
A,  232, ALA,  0.3674,  -0.1747,   0.0201, 2
A,  233, ASP,  0.0037,  -0.3774,   0.0003, 0
A,  234, LYS,  0.4603,  -0.1229,   0.0307, 0
A,  235, SER,  1.1034,   0.2355,   0.1691, 1
A,  236, GLY,  1.4960,   0.4544,   0.2815, 1
A,  237, ALA,  2.4089,   0.9633,   0.5036, 1
A,  238, GLY,  1.3949,   0.3980,   0.2523, 0
A,  240, GLU,  0.1136,  -0.3161,   0.0028, 0
A,  241, ARG,  0.1600,  -0.2903,   0.0048, 0
A,  242, GLY,  0.1062,  -0.3203,   0.0025, 0
A,  243, SER,  0.1596,  -0.2905,   0.0048, 0
A,  244, ARG,  0.7591,   0.0436,   0.0821, 1
A,  245, GLY,  0.0494,  -0.3519,   0.0010, 0
A,  246, ILE,  0.0000,  -0.3795,   0.0002, 0
A,  247, ILE,  0.0000,  -0.3795,   0.0002, 0
A,  248, ALA,  0.0000,  -0.3795,   0.0002, 0
A,  249, ALA,  0.9355,   0.1420,   0.1242, 2
A,  250, LEU,  0.4852,  -0.1090,   0.0339, 0
A,  251, GLY,  0.0215,  -0.3675,   0.0005, 0
A,  252, PRO,  0.2161,  -0.2590,   0.0078, 0
A,  254, ASP,  0.0673,  -0.3420,   0.0014, 0
A,  255, GLY,  0.1552,  -0.2930,   0.0046, 0
A,  256, LYS,  0.1359,  -0.3037,   0.0037, 0
A,  257, PRO,  1.1541,   0.2639,   0.1833, 2
A,  258, SER,  0.1821,  -0.2779,   0.0059, 0
A,  259, ARG,  0.4143,  -0.1485,   0.0252, 0
A,  260, ILE,  0.0000,  -0.3795,   0.0002, 0
A,  261, VAL,  0.3899,  -0.1621,   0.0225, 0
A,  262, VAL,  0.0000,  -0.3795,   0.0002, 0
A,  263, ILE,  0.5066,  -0.0971,   0.0368, 3
A,  264, TYR,  0.1022,  -0.3225,   0.0024, 0
A,  265, THR,  0.1167,  -0.3144,   0.0029, 3
A,  266, THR,  0.5948,  -0.0479,   0.0504, 0
A,  267, GLY,  0.1768,  -0.2809,   0.0056, 0
A,  268, SER,  0.1254,  -0.3096,   0.0033, 0
A,  269, GLN,  0.0552,  -0.3487,   0.0011, 0
A,  270, ALA,  0.1131,  -0.3164,   0.0028, 0
A,  271, THR,  0.0950,  -0.3265,   0.0022, 0
A,  272, MET,  0.3927,  -0.1606,   0.0228, 1
A,  273, ASP,  0.1288,  -0.3076,   0.0034, 0
A,  274, GLU,  0.0294,  -0.3631,   0.0006, 0
A,  275, ARG,  0.2749,  -0.2263,   0.0119, 0
A,  276, ASN,  0.3661,  -0.1754,   0.0200, 0
A,  277, ARG,  0.0629,  -0.3444,   0.0013, 0
A,  278, GLN,  0.1523,  -0.2946,   0.0044, 3
A,  279, ILE,  0.5066,  -0.0971,   0.0368, 3
A,  280, ALA,  0.1990,  -0.2685,   0.0068, 0
A,  281, GLU,  0.1264,  -0.3090,   0.0033, 0
A,  282, ILE,  0.6818,   0.0006,   0.0661, 3
A,  283, GLY,  0.5747,  -0.0591,   0.0472, 0
A,  284, ALA,  0.7115,   0.0171,   0.0720, 0
A,  285, SER,  0.2417,  -0.2447,   0.0095, 0
A,  286, LEU,  0.7859,   0.0586,   0.0880, 0
A,  287, ILE,  0.5037,  -0.0987,   0.0364, 0
A,  288, LYS,  0.2557,  -0.2370,   0.0105, 0
A,  289, HIS,  0.4354,  -0.1368,   0.0277, 0
A,  290, TRP,  0.4787,  -0.1126,   0.0330, 0
